,dc_power_kw,dc_power_max_kw,dc_power_min_kw,dc_current_a,dc_current_max_a,dc_current_min_a,energy_in_kwh,dc_voltage_v,conv_ratio,load_swing,mains_kwh,mains_outage_h,dg_kwh,dg_h,dg_starts,dg_fuel_l,solar_kwh,batt_discharge_h,llvd_h,batt_temp_c,batt_temp_max_c,indoor_temp_c,indoor_hum,ran_energy_kwh,lte_energy_kwh,nr_energy_kwh,traffic_gb,dc_ran_ratio,amb_temp_c,amb_temp_max_c,amb_humidity,amb_wind_kph,amb_pressure_mb
dc_power_kw,1.0,0.7091050515368518,0.6245495913863723,0.9808118574372758,0.7201352843449785,0.6196123980908236,0.4115240206694257,0.08120061065151855,0.022480795199988007,-0.1743632672315248,0.3731605901371446,-0.02509664960382608,0.5321224474697313,0.20665932261330697,0.03725400738269547,0.007801508330360494,0.2698390682111632,-0.0812607250578413,-0.02493878728735238,0.09107276724713713,0.12092254198844367,0.1666275513908079,0.1222965894849568,0.6473630543032433,0.36217461913963045,0.5014508221502529,0.28395194707982213,0.3523993476895267,0.4356986843780748,0.4266856541922827,-0.24052318932121136,-0.030211527095799055,-0.392059515382378
dc_power_max_kw,0.7091050515368518,1.0,0.29578197222647623,0.7117022322507773,0.8407676774557479,0.3049260735217212,0.2770421131386356,-0.021577619128047967,0.011048705383448078,0.3451377248815766,0.257620857875665,-0.01202036337939996,0.3619473193192875,0.09066805650470215,0.07707977400544862,0.0035909502486192414,0.1707274518123503,-0.03455749153738237,-0.015480909527998209,0.0793531129698933,0.09819058543691607,0.1362023819560803,0.08241107016999648,0.48598067628746827,0.4345001587140364,0.26159062831063956,0.2829625387667388,0.23091287036615268,0.3095379094939749,0.31246335146621074,-0.19431660948256482,-0.05768219776936977,-0.26906401742931674
dc_power_min_kw,0.6245495913863723,0.29578197222647623,1.0,0.6091155663541504,0.3070851527198638,0.8478830487239872,0.29355303214593936,0.06488593826881164,0.009335674323193158,-0.6437231239147664,0.3300834784478569,-0.06604038518052358,0.21994131198976102,0.16076073742740998,-0.09270687549409637,0.00292481225031596,0.11103992720288654,-0.09385161689210396,-0.0656601587932278,0.022826740075565236,0.030106022120482002,0.05090993239603612,0.045940884631530794,0.4498239181431469,0.086712074827922,0.45705096120098954,0.08177484535726261,0.15470796786881927,0.19345894220456414,0.18707486787329627,-0.11159920695577195,0.01239862214909082,-0.17458251296601857
dc_current_a,0.9808118574372758,0.7117022322507773,0.6091155663541504,1.0,0.7434926398736184,0.6202921143971664,0.4121240956557429,-0.09031346945767076,0.01705908121740338,-0.1589111814882392,0.3757607758880768,-0.015623026417144218,0.5079628934496473,0.07301460904504584,0.08840314385967055,0.005937458537817173,0.26140748076716797,-0.0029839037227213593,-0.02177373052063266,0.13487909588394856,0.16855126431762774,0.18728591770075723,0.11044304913069905,0.6477363993637992,0.3654470892998699,0.49856286909603215,0.28942010331633,0.3315834694027752,0.43691891040410724,0.4284234505461369,-0.2406246618538335,-0.03519893007877863,-0.3930313758043417
dc_current_max_a,0.7201352843449785,0.8407676774557479,0.3070851527198638,0.7434926398736184,1.0,0.32201042293377324,0.2913272155957002,-0.1158381858184307,0.011567077674931316,0.20032832779267123,0.2678636212270733,-0.006461771493140607,0.37165719290170574,0.013109682286428675,0.1129342262703729,-0.0006417502009315526,0.17744268900062074,0.032225924899745094,-0.012905615655358778,0.11836300622488129,0.14268133806630848,0.1519826719646716,0.07800200162123494,0.5034533608037206,0.42751439650622447,0.2855230854252699,0.2943077888308785,0.22819399211547484,0.3196109807258616,0.321209912410854,-0.19667663756554907,-0.05631733643977495,-0.27698693586437867
dc_current_min_a,0.6196123980908236,0.3049260735217212,0.8478830487239872,0.6202921143971664,0.32201042293377324,1.0,0.2917097868994084,-0.00738572335659247,0.013310364664573927,-0.5197143662145763,0.31277604338657305,-0.08027059341033074,0.22147987893326712,0.0876868405410553,-0.05495484546681194,0.007944204758932557,0.13294918187022156,-0.03581072936757671,-0.06468788673379662,0.04886093786880744,0.05556474807372043,0.06901312594922433,0.04429298448299323,0.44476413729345016,0.08917270685520598,0.4484714919641612,0.08396459996248708,0.15395713657828267,0.1981944223282119,0.1902867578612562,-0.11010622100275165,0.018844099649118342,-0.18192439662226073
energy_in_kwh,0.4115240206694257,0.2770421131386356,0.29355303214593936,0.4121240956557429,0.2913272155957002,0.2917097868994084,1.0,0.006051467061899337,-0.5050955323161819,-0.09307093301840463,0.9960378074479183,-0.07085025688987742,0.8989477633781441,0.26236982092638006,0.050253826839474276,0.052863926553571625,0.13008896691820643,-0.05912108902547311,-0.04724025693238684,0.08897289989820518,0.09442398971493893,0.10715887926011156,0.0706762234529028,0.3620781727094695,0.05621045304363578,0.3374652764822145,0.10677183753524971,0.05728300652616734,0.22978086910286058,0.21774632955669174,-0.11317516761850842,0.0003113802755970285,-0.20291390146743093
dc_voltage_v,0.08120061065151855,-0.021577619128047967,0.06488593826881164,-0.09031346945767076,-0.1158381858184307,-0.00738572335659247,0.006051467061899337,1.0,0.022237670865178548,-0.08271139426712956,0.00573429246418349,-0.053061313524576215,0.09022040429137414,0.5689031689061181,-0.1930279200551956,0.008318976384925746,0.014492313131235831,-0.4308305541580566,-0.09210528961686054,-0.22484386875813459,-0.2365733123266643,-0.12329037610252452,0.06310792518077463,0.010737533533402406,0.013235525184465734,0.0077155087917221005,-0.01046880774367491,0.08031266276202868,-0.01329236980536899,-0.014106623271300946,0.010196386540165327,-0.0021138680530557517,0.013356660816654414
conv_ratio,0.022480795199988007,0.011048705383448078,0.009335674323193158,0.01705908121740338,0.011567077674931316,0.013310364664573927,-0.5050955323161819,0.022237670865178548,1.0,0.0003885180152149026,-0.45452607588768745,0.002558428282222912,-0.5764287108803695,-0.21325181225026274,-0.026591630302798784,-0.09057807429168796,0.012191372666718664,0.11146740326736342,0.006428447536832428,-0.00026707528538153186,-0.0005224006813905968,0.0085482466247715,0.007471647480855297,0.013868946395757958,-0.0034180476176208082,0.005536107859045012,-0.0014584521680590771,0.01585461073111112,0.03162718765415724,0.029798107015048498,-0.013079561858497308,-0.006784989590545198,-0.02754319986597405
load_swing,-0.1743632672315248,0.3451377248815766,-0.6437231239147664,-0.1589111814882392,0.20032832779267123,-0.5197143662145763,-0.09307093301840463,-0.08271139426712956,0.0003885180152149026,1.0,-0.11994324463469466,0.025350658615488735,-0.029911020452572927,-0.10128527362600948,0.11253212046736302,-0.002480623816659371,-0.017813290669044118,0.06454792182160678,0.04773055316672878,0.02732114250144636,0.02790265678291119,0.03774401206989085,0.003308412477216629,-0.13182752555287744,0.13575791472524443,-0.2547019727570602,0.05815695644323782,-0.026722834577443923,0.00023341638507588485,0.009845133587668245,-0.01867125162317515,-0.04373116007577841,0.006387885170424591
mains_kwh,0.3731605901371446,0.257620857875665,0.3300834784478569,0.3757607758880768,0.2678636212270733,0.31277604338657305,0.9960378074479183,0.00573429246418349,-0.45452607588768745,-0.11994324463469466,1.0,-0.07154731275598808,0.011166087985775537,0.007758272245657831,0.02933248329629963,,0.2628066442068413,0.0069432842663587745,-0.033459626829228,0.09469462554233185,0.08765143547082299,0.10163684360246668,0.03959868115631315,0.3455522639021563,-0.03235228704534602,0.340814074678409,0.061946790332374026,0.03816722711079272,0.21018142641575033,0.1960467754153096,-0.09658721108555669,0.0022820602190499672,-0.18338776612214708
mains_outage_h,-0.02509664960382608,-0.01202036337939996,-0.06604038518052358,-0.015623026417144218,-0.006461771493140607,-0.08027059341033074,-0.07085025688987742,-0.053061313524576215,0.002558428282222912,0.025350658615488735,-0.07154731275598808,1.0,0.022705900047193927,0.01496868532236063,0.05039080938805881,,,0.11915201976733979,0.13310931199937287,-0.016098727719986113,-0.008149751546940405,-0.033038173859475745,0.0057448323087407145,-0.027797080153863327,-0.004882865574342916,-0.03314783295710332,0.0010742663251381967,-0.005438148411195678,-0.03742341494836983,-0.03249389460268088,0.017874977049152665,-0.003602883874987425,0.030013954848191037
dg_kwh,0.5321224474697313,0.3619473193192875,0.21994131198976102,0.5079628934496473,0.37165719290170574,0.22147987893326712,0.8989477633781441,0.09022040429137414,-0.5764287108803695,-0.029911020452572927,0.011166087985775537,0.022705900047193927,1.0,0.3836382508549743,0.10487008646929673,0.05032964292928217,-0.4811758069451485,-0.2366823729176099,-0.08366387149072758,0.06346108954345216,0.08104771842271492,0.09572689697998456,0.10059034234659045,0.4235984614263878,0.3219359504334516,0.3071951234131452,0.23998743738745523,0.13169534785142192,0.25320628149365243,0.24579301738703785,-0.11962863165932779,-0.01638228442549243,-0.23239777351938254
dg_h,0.20665932261330697,0.09066805650470215,0.16076073742740998,0.07301460904504584,0.013109682286428675,0.0876868405410553,0.26236982092638006,0.5689031689061181,-0.21325181225026274,-0.10128527362600948,0.007758272245657831,0.01496868532236063,0.3836382508549743,1.0,-0.20975946222620287,0.034854794261457496,-0.389668418994378,-0.8197359750411712,-0.030070096024525993,-0.2726286693583888,-0.3358494566061951,-0.05373379025492449,0.07344371115529089,0.18945541751736944,0.0911439943880349,0.18991095315015025,0.07716836734226057,0.013631657988058142,0.06092251984988388,0.054666113938499655,-0.009253892521479085,-0.005196417320620761,-0.055075931911840806
dg_starts,0.03725400738269547,0.07707977400544862,-0.09270687549409637,0.08840314385967055,0.1129342262703729,-0.05495484546681194,0.050253826839474276,-0.1930279200551956,-0.026591630302798784,0.11253212046736302,0.02933248329629963,0.05039080938805881,0.10487008646929673,-0.20975946222620287,1.0,-0.033573077778575336,-0.20668438351927237,0.2777931181488104,0.006041119967692568,0.18568978501168276,0.15744206174682868,0.09483193833137488,-0.01921904410417403,0.0032770343434429844,0.009713227773519881,-0.02377537303284431,-0.020479819317017037,0.045975313099141574,0.055457979561589925,0.05549127708359061,-0.021901550129486875,-0.011117213929060515,-0.0654579092507489
dg_fuel_l,0.007801508330360494,0.0035909502486192414,0.00292481225031596,0.005937458537817173,-0.0006417502009315526,0.007944204758932557,0.052863926553571625,0.008318976384925746,-0.09057807429168796,-0.002480623816659371,,,0.05032964292928217,0.034854794261457496,-0.033573077778575336,1.0,,-0.02767522623245893,-0.0007413176486000437,-4.7144181731015695e-05,0.00033653457567295927,0.0330317492870469,-0.0048063432882881505,0.0031710106188637325,0.004236729000290018,-0.005289260309253808,-0.00874583994489981,0.008275053030177237,0.01616444624485235,0.01716144989879797,-0.013032743949810367,-0.0015888010254158584,-0.014428735341186586
solar_kwh,0.2698390682111632,0.1707274518123503,0.11103992720288654,0.26140748076716797,0.17744268900062074,0.13294918187022156,0.13008896691820643,0.014492313131235831,0.012191372666718664,-0.017813290669044118,0.2628066442068413,,-0.4811758069451485,-0.389668418994378,-0.20668438351927237,,1.0,-0.12916531439238121,-0.07740370949386319,0.15666815328798725,0.16743088493786856,0.21697931520737326,-0.12747575889464935,0.09476811088627904,0.06383610870666792,0.04132379908242803,-0.11766986130377159,0.24936562152503255,0.40215840762963184,0.44284479245931274,-0.47616293226836715,0.023228502901791143,-0.3688447021025864
batt_discharge_h,-0.0812607250578413,-0.03455749153738237,-0.09385161689210396,-0.0029839037227213593,0.032225924899745094,-0.03581072936757671,-0.05912108902547311,-0.4308305541580566,0.11146740326736342,0.06454792182160678,0.0069432842663587745,0.11915201976733979,-0.2366823729176099,-0.8197359750411712,0.2777931181488104,-0.02767522623245893,-0.12916531439238121,1.0,0.025841241889534943,0.21015617868482842,0.2644455214712991,0.0281550240768758,-0.03534116616381246,-0.07278878752227426,-0.05114277674291357,-0.06584522144200608,-0.013468600477281049,-0.015700905427601525,-0.028392225034411706,-0.028501886716660717,0.0199186701086455,0.002511607590999032,0.02714675308386477
llvd_h,-0.02493878728735238,-0.015480909527998209,-0.0656601587932278,-0.02177373052063266,-0.012905615655358778,-0.06468788673379662,-0.04724025693238684,-0.09210528961686054,0.006428447536832428,0.04773055316672878,-0.033459626829228,0.13310931199937287,-0.08366387149072758,-0.030070096024525993,0.006041119967692568,-0.0007413176486000437,-0.07740370949386319,0.025841241889534943,1.0,0.007551732849342625,0.013905397203942798,0.0025303355167432427,0.001224903707155629,-0.09579762204281056,-0.07851438662197738,-0.050873793421759746,-0.01717903193749737,0.0008666680051784854,1.9326903460860704e-05,-4.2510090322687004e-05,0.001156747830655628,0.0020914248256475583,-0.0016756616653246423
batt_temp_c,0.09107276724713713,0.0793531129698933,0.022826740075565236,0.13487909588394856,0.11836300622488129,0.04886093786880744,0.08897289989820518,-0.22484386875813459,-0.00026707528538153186,0.02732114250144636,0.09469462554233185,-0.016098727719986113,0.06346108954345216,-0.2726286693583888,0.18568978501168276,-4.7144181731015695e-05,0.15666815328798725,0.21015617868482842,0.007551732849342625,1.0,0.9370429117905931,0.8269307548985677,-0.37717607904522793,0.03661736568083939,0.02518961934887042,0.0039231829866177605,-0.059172651553812974,0.06780892978590135,0.33813835414984744,0.34057996371643057,-0.193699303673044,-0.02226602443847155,-0.33083958333440794
batt_temp_max_c,0.12092254198844367,0.09819058543691607,0.030106022120482002,0.16855126431762774,0.14268133806630848,0.05556474807372043,0.09442398971493893,-0.2365733123266643,-0.0005224006813905968,0.02790265678291119,0.08765143547082299,-0.008149751546940405,0.08104771842271492,-0.3358494566061951,0.15744206174682868,0.00033653457567295927,0.16743088493786856,0.2644455214712991,0.013905397203942798,0.9370429117905931,1.0,0.7800462240109718,-0.32912887447222167,0.054957430444503796,0.03387281129162633,0.02589336992523203,-0.05557335326719454,0.08298128373417198,0.3674646717776686,0.37086996970177516,-0.21971216548625785,-0.034389407876089836,-0.3497493933031188
indoor_temp_c,0.1666275513908079,0.1362023819560803,0.05090993239603612,0.18728591770075723,0.1519826719646716,0.06901312594922433,0.10715887926011156,-0.12329037610252452,0.0085482466247715,0.03774401206989085,0.10163684360246668,-0.033038173859475745,0.09572689697998456,-0.05373379025492449,0.09483193833137488,0.0330317492870469,0.21697931520737326,0.0281550240768758,0.0025303355167432427,0.8269307548985677,0.7800462240109718,1.0,-0.37150458574127765,0.06390529021783696,0.10454920307580255,-0.02033944445503908,-0.052974708548827194,0.15237146467105367,0.4660704047916414,0.4627616666572151,-0.23649290105860515,-0.05577054437888955,-0.44283120694288997
indoor_hum,0.1222965894849568,0.08241107016999648,0.045940884631530794,0.11044304913069905,0.07800200162123494,0.04429298448299323,0.0706762234529028,0.06310792518077463,0.007471647480855297,0.003308412477216629,0.03959868115631315,0.0057448323087407145,0.10059034234659045,0.07344371115529089,-0.01921904410417403,-0.0048063432882881505,-0.12747575889464935,-0.03534116616381246,0.001224903707155629,-0.37717607904522793,-0.32912887447222167,-0.37150458574127765,1.0,0.09383765926918915,0.03766795679087039,0.1123412730422409,0.004331242832260374,0.06228063087571554,0.15643056330682095,0.10935643812021738,0.28054369405565666,-0.12509592929641072,-0.12194619167878733
ran_energy_kwh,0.6473630543032433,0.48598067628746827,0.4498239181431469,0.6477363993637992,0.5034533608037206,0.44476413729345016,0.3620781727094695,0.010737533533402406,0.013868946395757958,-0.13182752555287744,0.3455522639021563,-0.027797080153863327,0.4235984614263878,0.18945541751736944,0.0032770343434429844,0.0031710106188637325,0.09476811088627904,-0.07278878752227426,-0.09579762204281056,0.03661736568083939,0.054957430444503796,0.06390529021783696,0.09383765926918915,1.0,0.4483084209925745,0.7308469654423788,0.4124493923656901,-0.28493012055147726,0.26068421515184287,0.2503144818500882,-0.14464061558235078,-0.010480314790559159,-0.2181108726564045
lte_energy_kwh,0.36217461913963045,0.4345001587140364,0.086712074827922,0.3654470892998699,0.42751439650622447,0.08917270685520598,0.05621045304363578,0.013235525184465734,-0.0034180476176208082,0.13575791472524443,-0.03235228704534602,-0.004882865574342916,0.3219359504334516,0.0911439943880349,0.009713227773519881,0.004236729000290018,0.06383610870666792,-0.05114277674291357,-0.07851438662197738,0.02518961934887042,0.03387281129162633,0.10454920307580255,0.03766795679087039,0.4483084209925745,1.0,-0.1425101342488589,0.44821605023466393,-0.06014432377242959,0.14048330349413693,0.14540721535975884,-0.09059706211131291,-0.03221605051597186,-0.13326538401642754
nr_energy_kwh,0.5014508221502529,0.26159062831063956,0.45705096120098954,0.49856286909603215,0.2855230854252699,0.4484714919641612,0.3374652764822145,0.0077155087917221005,0.005536107859045012,-0.2547019727570602,0.340814074678409,-0.03314783295710332,0.3071951234131452,0.18991095315015025,-0.02377537303284431,-0.005289260309253808,0.04132379908242803,-0.06584522144200608,-0.050873793421759746,0.0039231829866177605,0.02589336992523203,-0.02033944445503908,0.1123412730422409,0.7308469654423788,-0.1425101342488589,1.0,0.177881925334374,-0.17258575553790026,0.20228222840245474,0.1860490484074562,-0.1041500729903786,0.029183196701782002,-0.16059245254414
traffic_gb,0.28395194707982213,0.2829625387667388,0.08177484535726261,0.28942010331633,0.2943077888308785,0.08396459996248708,0.10677183753524971,-0.01046880774367491,-0.0014584521680590771,0.05815695644323782,0.061946790332374026,0.0010742663251381967,0.23998743738745523,0.07716836734226057,-0.020479819317017037,-0.00874583994489981,-0.11766986130377159,-0.013468600477281049,-0.01717903193749737,-0.059172651553812974,-0.05557335326719454,-0.052974708548827194,0.004331242832260374,0.4124493923656901,0.44821605023466393,0.177881925334374,1.0,-0.09021944579864287,-0.07985073172541643,-0.08118816360035241,0.045528479435756296,0.03195053623110706,0.08536100099317274
dc_ran_ratio,0.3523993476895267,0.23091287036615268,0.15470796786881927,0.3315834694027752,0.22819399211547484,0.15395713657828267,0.05728300652616734,0.08031266276202868,0.01585461073111112,-0.026722834577443923,0.03816722711079272,-0.005438148411195678,0.13169534785142192,0.013631657988058142,0.045975313099141574,0.008275053030177237,0.24936562152503255,-0.015700905427601525,0.0008666680051784854,0.06780892978590135,0.08298128373417198,0.15237146467105367,0.06228063087571554,-0.28493012055147726,-0.06014432377242959,-0.17258575553790026,-0.09021944579864287,1.0,0.20518076677159114,0.2043021888591918,-0.10809574725924956,-0.01689163517253227,-0.2015573890871569
amb_temp_c,0.4356986843780748,0.3095379094939749,0.19345894220456414,0.43691891040410724,0.3196109807258616,0.1981944223282119,0.22978086910286058,-0.01329236980536899,0.03162718765415724,0.00023341638507588485,0.21018142641575033,-0.03742341494836983,0.25320628149365243,0.06092251984988388,0.055457979561589925,0.01616444624485235,0.40215840762963184,-0.028392225034411706,1.9326903460860704e-05,0.33813835414984744,0.3674646717776686,0.4660704047916414,0.15643056330682095,0.26068421515184287,0.14048330349413693,0.20228222840245474,-0.07985073172541643,0.20518076677159114,1.0,0.9882329635336489,-0.5597292402840732,-0.04548060131592877,-0.9199395204592938
amb_temp_max_c,0.4266856541922827,0.31246335146621074,0.18707486787329627,0.4284234505461369,0.321209912410854,0.1902867578612562,0.21774632955669174,-0.014106623271300946,0.029798107015048498,0.009845133587668245,0.1960467754153096,-0.03249389460268088,0.24579301738703785,0.054666113938499655,0.05549127708359061,0.01716144989879797,0.44284479245931274,-0.028501886716660717,-4.2510090322687004e-05,0.34057996371643057,0.37086996970177516,0.4627616666572151,0.10935643812021738,0.2503144818500882,0.14540721535975884,0.1860490484074562,-0.08118816360035241,0.2043021888591918,0.9882329635336489,1.0,-0.6148751507318434,-0.05107365276387308,-0.9025942927280944
amb_humidity,-0.24052318932121136,-0.19431660948256482,-0.11159920695577195,-0.2406246618538335,-0.19667663756554907,-0.11010622100275165,-0.11317516761850842,0.010196386540165327,-0.013079561858497308,-0.01867125162317515,-0.09658721108555669,0.017874977049152665,-0.11962863165932779,-0.009253892521479085,-0.021901550129486875,-0.013032743949810367,-0.47616293226836715,0.0199186701086455,0.001156747830655628,-0.193699303673044,-0.21971216548625785,-0.23649290105860515,0.28054369405565666,-0.14464061558235078,-0.09059706211131291,-0.1041500729903786,0.045528479435756296,-0.10809574725924956,-0.5597292402840732,-0.6148751507318434,1.0,-0.057122189330103504,0.462690488966624
amb_wind_kph,-0.030211527095799055,-0.05768219776936977,0.01239862214909082,-0.03519893007877863,-0.05631733643977495,0.018844099649118342,0.0003113802755970285,-0.0021138680530557517,-0.006784989590545198,-0.04373116007577841,0.0022820602190499672,-0.003602883874987425,-0.01638228442549243,-0.005196417320620761,-0.011117213929060515,-0.0015888010254158584,0.023228502901791143,0.002511607590999032,0.0020914248256475583,-0.02226602443847155,-0.034389407876089836,-0.05577054437888955,-0.12509592929641072,-0.010480314790559159,-0.03221605051597186,0.029183196701782002,0.03195053623110706,-0.01689163517253227,-0.04548060131592877,-0.05107365276387308,-0.057122189330103504,1.0,-0.013822303854396303
amb_pressure_mb,-0.392059515382378,-0.26906401742931674,-0.17458251296601857,-0.3930313758043417,-0.27698693586437867,-0.18192439662226073,-0.20291390146743093,0.013356660816654414,-0.02754319986597405,0.006387885170424591,-0.18338776612214708,0.030013954848191037,-0.23239777351938254,-0.055075931911840806,-0.0654579092507489,-0.014428735341186586,-0.3688447021025864,0.02714675308386477,-0.0016756616653246423,-0.33083958333440794,-0.3497493933031188,-0.44283120694288997,-0.12194619167878733,-0.2181108726564045,-0.13326538401642754,-0.16059245254414,0.08536100099317274,-0.2015573890871569,-0.9199395204592938,-0.9025942927280944,0.462690488966624,-0.013822303854396303,1.0
