,Forecast residual > τf,Reconstruction error > τa,Both (AND),Fleet-adjusted forecast residual
2026-02-24,2.635542168674699,4.141566265060241,0.8283132530120483,3.2379518072289155
2026-02-25,6.174698795180722,5.421686746987952,1.7319277108433735,3.614457831325301
2026-02-26,17.620481927710845,7.530120481927711,2.635542168674699,20.933734939759034
2026-02-27,12.434061793519216,7.6865109269027885,2.4868123587038435,10.851544837980406
2026-02-28,45.78313253012048,7.30421686746988,3.38855421686747,16.039156626506024
2026-03-01,14.457831325301203,8.358433734939759,3.463855421686747,19.57831325301205
2026-03-02,5.948795180722891,6.475903614457831,1.430722891566265,7.981927710843372
2026-03-03,7.471698113207548,7.471698113207548,1.8867924528301887,5.962264150943397
2026-03-04,14.79245283018868,7.39622641509434,2.4150943396226414,4.830188679245283
2026-03-05,3.1626506024096384,5.572289156626506,1.0542168674698795,4.216867469879518
2026-03-06,2.5602409638554215,5.271084337349398,0.9036144578313252,3.91566265060241
2026-03-07,3.541823662396383,4.1446872645064055,0.37678975131876413,2.8636021100226077
2026-03-08,4.220045214770158,5.425772418990203,0.45214770158251694,4.52147701582517
2026-03-09,4.969879518072289,4.819277108433735,1.1295180722891567,5.72289156626506
2026-03-10,5.568096313017306,6.245297215951844,1.805869074492099,5.191873589164786
2026-03-11,2.18209179834462,6.5462753950338595,0.7524454477050414,3.310759969902182
2026-03-12,2.8592927012791574,5.2671181339352895,0.9029345372460496,2.9345372460496613
2026-03-13,3.9186134137151467,4.747550866616428,0.7535795026375283,5.35041446872645
2026-03-14,2.3325808878856282,5.944319036869826,0.601956358164033,3.235515425131678
2026-03-15,4.887218045112782,4.887218045112782,1.0526315789473684,3.684210526315789
2026-03-16,2.558314522197141,5.417607223476298,1.203912716328066,3.160270880361174
2026-03-17,1.580135440180587,4.890895410082769,0.601956358164033,2.18209179834462
2026-03-18,3.6869826937547026,6.170052671181339,0.9029345372460496,2.9345372460496613
2026-03-19,5.041384499623777,7.148231753197893,1.7306245297215952,7.298720842738901
2026-03-20,10.015060240963855,6.551204819277108,2.183734939759036,12.801204819277109
2026-03-21,12.7163280662152,5.8690744920993225,1.9563581640331076,12.490594431903688
2026-03-22,5.342362678705794,6.772009029345373,1.0534236267870578,7.148231753197893
2026-03-23,14.328808446455504,6.93815987933635,2.7149321266968327,6.485671191553545
2026-03-24,8.734939759036145,7.83132530120482,1.5813253012048192,11.219879518072288
2026-03-25,4.6651617757712565,7.148231753197893,0.9781790820165538,8.502633559066968
2026-03-26,6.325301204819277,7.228915662650602,1.957831325301205,8.509036144578314
2026-03-27,10.180995475113122,7.6923076923076925,2.0361990950226243,6.636500754147813
2026-03-28,9.480812641083523,7.900677200902935,2.2573363431151243,12.415349887133182
2026-03-29,7.605421686746988,6.701807228915663,1.8825301204819278,6.099397590361446
2026-03-30,7.981927710843372,7.605421686746988,1.5813253012048192,4.367469879518072
2026-03-31,2.262443438914027,5.806938159879336,0.6787330316742082,3.092006033182504
2026-04-01,4.740406320541761,7.223476297968396,1.1286681715575622,2.407825432656132
2026-04-02,2.6335590669676447,7.148231753197893,0.601956358164033,3.0097817908201656
2026-04-03,11.662904439428141,7.674943566591422,2.3325808878856282,10.985703536493604
2026-04-04,10.609480812641085,5.191873589164786,1.1286681715575622,3.9879608728367195
2026-04-05,1.5048908954100828,4.815650865312264,0.2257336343115124,1.7306245297215952
2026-04-06,1.5048908954100828,4.213694507148231,0.2257336343115124,2.0316027088036117
2026-04-07,0.7524454477050414,5.8690744920993225,0.2257336343115124,1.2791572610985704
2026-04-08,2.784048156508653,5.492851768246802,0.5267118133935289,1.655379984951091
2026-04-09,2.2556390977443606,7.518796992481203,0.37593984962406013,3.7593984962406015
2026-04-10,2.857142857142857,8.721804511278195,1.1278195488721803,4.887218045112782
2026-04-11,2.481203007518797,7.443609022556391,0.37593984962406013,3.909774436090226
2026-04-12,1.6541353383458646,6.015037593984962,0.37593984962406013,2.4060150375939853
2026-04-13,8.276899924755456,5.643340857787811,1.655379984951091,2.6335590669676447
2026-04-14,1.0534236267870578,5.417607223476298,0.4514672686230248,1.8811136192626037
2026-04-15,3.8403614457831323,5.346385542168674,0.677710843373494,2.4096385542168677
2026-04-16,2.781954887218045,5.714285714285714,0.6015037593984963,3.7593984962406015
2026-04-17,2.786144578313253,6.852409638554217,0.9789156626506025,4.593373493975903
2026-04-18,3.3057851239669422,6.836964688204357,0.5259203606311045,4.7332832456799405
2026-04-19,3.0803906836964687,6.536438767843726,1.051840721262209,2.8549962434259957
2026-04-20,2.8549962434259957,6.010518407212622,1.1269722013523666,2.5544703230653645
2026-04-21,1.5026296018031555,6.3861758076634105,0.6010518407212623,2.5544703230653645
2026-04-22,1.7267267267267266,5.405405405405405,0.15015015015015015,2.3273273273273274
2026-04-23,1.4264264264264264,5.18018018018018,0.22522522522522523,2.4774774774774775
2026-04-24,4.887218045112782,5.939849624060151,1.2781954887218046,7.218045112781955
2026-04-25,1.8768768768768769,5.03003003003003,0.6006006006006006,3.453453453453453
2026-04-26,1.2762762762762763,4.954954954954955,0.6006006006006006,2.1021021021021022
2026-04-27,2.7777777777777777,5.8558558558558556,1.0510510510510511,3.303303303303303
2026-04-28,2.1788129226145756,4.2824943651389935,0.5259203606311045,3.005259203606311
2026-04-29,1.5015015015015014,5.555555555555555,0.5255255255255256,2.4024024024024024
2026-04-30,4.129129129129129,5.255255255255255,0.975975975975976,3.003003003003003
2026-05-01,3.4586466165413534,6.541353383458646,1.1278195488721803,5.714285714285714
2026-05-02,1.7293233082706767,4.511278195488721,0.30075187969924816,3.1578947368421053
2026-05-03,3.8288288288288284,5.405405405405405,0.9009009009009009,2.4774774774774775
2026-05-04,3.303303303303303,5.18018018018018,0.9009009009009009,2.4024024024024024
2026-05-05,6.836964688204357,4.808414725770098,1.5777610818933134,2.9301277235161534
2026-05-06,1.8018018018018018,4.87987987987988,0.6006006006006006,2.8528528528528527
2026-05-07,1.7293233082706767,5.18796992481203,0.6015037593984963,2.2556390977443606
2026-05-08,5.338345864661654,7.067669172932331,1.5037593984962405,6.541353383458646
2026-05-09,3.606311044327573,5.484598046581517,0.67618332081142,3.7565740045078884
2026-05-10,1.5015015015015014,5.48048048048048,0.5255255255255256,1.8768768768768769
2026-05-11,1.2762762762762763,5.33033033033033,0.6006006006006006,1.8018018018018018
2026-05-12,2.1788129226145756,5.785123966942149,0.6010518407212623,1.8782870022539442
2026-05-13,1.0534236267870578,5.2671181339352895,0.3762227238525207,1.4296463506395787
2026-05-14,1.655379984951091,5.342362678705794,0.601956358164033,2.784048156508653
2026-05-15,1.8839487565938209,6.556141672946496,0.9042954031650339,3.089675960813866
2026-05-16,2.33433734939759,4.66867469879518,0.9036144578313252,3.0120481927710845
2026-05-17,6.3957863054928525,4.439428141459744,1.203912716328066,2.4830699774266365
2026-05-18,1.8811136192626037,5.417607223476298,0.9029345372460496,1.9563581640331076
2026-05-19,2.9367469879518073,6.325301204819277,1.2801204819277108,2.108433734939759
2026-05-20,1.5060240963855422,6.325301204819277,1.0542168674698795,2.5602409638554215
2026-05-21,1.8825301204819278,5.421686746987952,0.677710843373494,3.2379518072289155
2026-05-22,3.2403918613413714,6.782215523737754,1.3564431047475507,4.370761115297664
2026-05-23,2.3360964581763377,4.672192916352675,0.45214770158251694,3.3157498116051247
2026-05-24,1.5060240963855422,5.045180722891566,0.5271084337349398,1.8072289156626504
2026-05-25,0.9789156626506025,5.948795180722891,0.4518072289156626,1.8072289156626504
2026-05-26,4.969879518072289,3.91566265060241,0.6024096385542169,6.927710843373494
2026-05-27,16.867469879518072,7.153614457831326,3.614457831325301,21.686746987951807
2026-05-28,4.819277108433735,5.271084337349398,0.8283132530120483,6.174698795180722
2026-05-29,20.03012048192771,5.72289156626506,1.8825301204819278,13.629518072289157
2026-05-30,5.045180722891566,5.421686746987952,0.9789156626506025,6.626506024096386
2026-05-31,4.596834966088922,5.124340617935192,1.5071590052750565,7.46043707611153
2026-06-01,3.5391566265060246,6.325301204819277,1.1295180722891567,4.367469879518072
2026-06-02,4.367469879518072,7.530120481927711,1.430722891566265,4.141566265060241
2026-06-03,3.5391566265060246,5.421686746987952,1.2048192771084338,3.5391566265060246
2026-06-04,2.9367469879518073,5.195783132530121,0.8283132530120483,4.292168674698795
2026-06-05,5.572289156626506,5.798192771084337,1.7319277108433735,7.30421686746988
2026-06-06,2.108433734939759,5.948795180722891,0.9789156626506025,3.38855421686747
2026-06-07,2.0346646571213265,5.275056518462698,0.9796533534287867,2.8636021100226077
2026-06-08,1.5071590052750565,4.822908816880181,0.6782215523737753,1.8839487565938209
