indicator,feature,normal_mean_abs_z,flagged_mean_abs_z,ae_flag_mean_abs_z,fc_flag_mean_abs_z,elevation_factor
DC Load Power Avg (kW),dc_power_kw,0.9082288126271931,1.9868255195412452,2.5376695684996644,1.4563499836134368,2.1875825694122644
Traffic (GB),traffic_gb,0.8631579311000956,1.0846345885530269,1.0464893330257723,1.1771322550705154,1.2565887996541478
RAN Board Energy (kWh),ran_energy_kwh,1.2809932447002814,1.4192115775785719,1.3485409218939484,1.563813719671312,1.107899345644582
Conversion Ratio DC/AC,conv_ratio,0.284954476427217,1.0944609564270211,1.6077602233880788,0.48040969936206124,3.8408273846035477
Load Swing Index,load_swing,0.943746867770485,1.710980680702498,2.0937194605638325,1.4787835539092107,1.8129656787571993
DC Bus Voltage (V),dc_voltage_v,0.6677102248719327,1.565779276497929,2.0638604667241434,1.1479775323335208,2.344998201575012
Battery Discharge (h),batt_discharge_h,0.35996287302079194,1.3223694936497792,1.8015961392940856,0.7779978424816835,3.67362745649993
Battery Temp Avg (°C),batt_temp_c,0.683362433911688,0.9241649345096012,1.0060368497882197,0.8604782994836164,1.3523788968315347
DC/RAN Energy Ratio,dc_ran_ratio,0.835908690444344,2.00475212511537,2.798826105498517,1.05644520602707,2.3982908038074155
