feature,box_rate,kde_rate,consensus_rate,kde_level
dc_power_kw,0.04030861852465149,0.011153418960812234,0.004524007690813074,0.0035057525776900187
traffic_gb,0.039933757932226595,0.010633824058283739,0.008284608870172508,0.004034758560044288
ran_energy_kwh,0.07353544609754364,0.01633798814234407,0.007941352596345267,0.0035145067361456827
conv_ratio,0.10992539357420154,0.008504120322957106,0.005446626336723271,0.004034694082765261
load_swing,0.06445600548117009,0.011050886625712726,0.007342097012065542,0.0020974145147586026
dc_voltage_v,0.0564156773694918,0.01218477707643653,0.00568129912953449,0.001824544013261108
batt_discharge_h,0.04191322428490436,0.007961859632893167,0.0031450143040876485,0.0015046204002694583
batt_temp_c,0.03698189832520331,0.00959432109550309,0.0050180549952153425,0.0031400301478492873
dc_ran_ratio,0.0449428246040139,0.01150625791681677,0.005023183925811438,0.002126620374197788
