diagnosis,normal days,Forecast only,Autoencoder only,Both (AND),Any (OR)
Supply interruption (mains outage / battery discharge),0.0063426963612952456,0.008851189378572745,0.07627369668246446,0.09812782440284054,0.05209851355290003
Load disconnection (LLVD/BLVD operated),0.005786319487497416,0.004794394246726904,0.016735781990521326,0.07553260167850226,0.018653453803555816
Battery thermal stress,0.0165959273212838,0.016227180527383367,0.0533175355450237,0.056810845706907684,0.03905566890119499
Rectifier conversion anomaly (DC out / AC in),0.0008743065159680163,0.0003687995574405311,0.17165284360189573,0.08005164622336991,0.09363159428737977
DC bus voltage deviation,0.046862829255885675,0.05587313295224046,0.21430687203791468,0.27437056165267915,0.1584814922763043
Load distortion (high intra-day swing),0.01917115742286232,0.052185137377835145,0.15299170616113744,0.29373789541639767,0.12904401049256775
DC vs RAN meter mismatch,0.04021809973452875,0.029872764152683015,0.13788507109004738,0.11814073595868302,0.09297580880209852
Traffic-driven load change,0.020546203125248384,0.04462474645030426,0.02473341232227488,0.046481601032924466,0.03504809093558729
Hardware change (board power-on within ±3 days),0.0021142321204317485,0.0029503964595242486,0.0013329383886255925,0.004519044544867657,0.002331681725444477
DG abnormal runtime,0.017041028820322063,0.025447169463396643,0.04976303317535545,0.03357004519044545,0.038327018361993585
Fleet-wide common-mode shift (weather / calendar),0.0,0.3463027844366587,0.0,0.13879922530664945,0.15250655785485281
None of the above (unexplained),0.846209483841226,0.504886594136087,0.3515995260663507,0.2485474499677211,0.40053920139900906
site-days,125814.0,5423.0,6752.0,1549.0,13724.0
