epoch,train_loss,val_loss,sec
1,3.120638108674628,1.0648092031478882,70.41772985458374
2,3.019146482927341,1.0669105052947998,68.35357356071472
3,2.9862398970986144,1.0760239362716675,66.83218574523926
4,2.9107513788761894,0.9645452499389648,65.01985359191895
5,2.875346876601222,0.9644883275032043,65.74271583557129
6,2.8328127546810795,1.0417474508285522,66.16141629219055
7,2.7807487850966743,1.0633893013000488,66.75850224494934
8,2.7416853422965826,1.0905460119247437,67.35262870788574
9,2.7488094351667316,1.0663906335830688,69.01227021217346
10,2.667962034366756,1.0152528285980225,71.65542197227478
