model,subset,n,MAE_W,RMSE_W,MAPE_%,R2,median_site_R2,skill_vs_persistence
LSTM (this study),all test days,139104,61.623564036728006,117.75471440090176,1.3219352207404822,0.9964041154676934,0.6395139027509056,0.28684752929562196
LSTM (this study),regular test days,133447,61.127689627511884,104.20854318869947,1.292937826618221,0.9970202638544128,0.6395139027509056,0.3815112902804183
"Linear ARX (ridge, same inputs)",all test days,139104,57.320249635929315,109.17773692168717,1.2486837808165407,0.9969088697414926,0.6936666466701098,0.3869527340719371
"Linear ARX (ridge, same inputs)",regular test days,133447,56.7203791620618,96.78259081606771,1.2166245176226569,0.997429807526503,0.6936666466701098,0.4665181918814387
Persistence  P(t),all test days,139104,66.2870945479641,139.43991452613193,1.3598925990644721,0.9949577619372826,0.5889004154749238,0.0
Persistence  P(t),regular test days,133447,66.64301183241287,132.50657742510586,1.3597372380515889,0.995182230332162,0.5889004154749238,0.0
Seasonal naive  P(t-6),all test days,139104,83.81088969404186,181.43576722741187,1.8042222203643266,0.99146320324582,0.3550153887420213,-0.6930570607725786
Seasonal naive  P(t-6),regular test days,133447,81.96235209483913,155.43192282171694,1.7301454752519148,0.9933709453521425,0.3550153887420213,-0.37595923111706586
7-day mean,all test days,139104,68.83657996209756,141.94726480865347,1.4531364526189976,0.9947747967574394,0.5947304568506895,-0.03628650166204306
7-day mean,regular test days,133447,67.68359723335855,124.96736003013075,1.4099206030309681,0.9957148665586417,0.5947304568506895,0.11055659842674703
