percentile,detector,recall_injected,flag_rate_unaffected_days,flags_per_1000_site_days
95.0,Forecast residual,0.4668962877918102,0.05101685572543445,51.016855725434446
95.0,Autoencoder,0.6578645235361653,0.06122893034320694,61.22893034320694
95.0,Hybrid OR,0.8407960199004975,0.10161304360439816,101.61304360439816
95.0,Hybrid AND,0.2755453501722158,0.010632742464243233,10.632742464243233
95.0,Hybrid OR (fleet-adjusted),0.8354381936471489,0.09830572398386957,98.30572398386957
95.0,Hybrid AND (fleet-adjusted),0.28549559892843474,0.01160463024746874,11.604630247468739
99.0,Forecast residual,0.3647148871029468,0.010850329281383271,10.85032928138327
99.0,Autoencoder,0.45426712590891694,0.01601438974150686,16.01438974150686
99.0,Hybrid OR,0.6762342135476463,0.02477588557834576,24.77588557834576
99.0,Hybrid AND,0.14045158821278225,0.002088833444544373,2.088833444544373
99.0,Hybrid OR (fleet-adjusted),0.6747034060466897,0.024108619339116306,24.108619339116306
99.0,Hybrid AND (fleet-adjusted),0.14389590508993494,0.0020743276567350374,2.0743276567350373
99.5,Forecast residual,0.34940681209337926,0.005613739882213003,5.613739882213003
99.5,Autoencoder,0.3907386146192116,0.010531201949577882,10.531201949577882
99.5,Hybrid OR,0.6375813241484883,0.01481040935333198,14.81040935333198
99.5,Hybrid AND,0.101415996938385,0.0013345324784589051,1.3345324784589052
99.5,Hybrid OR (fleet-adjusted),0.6368159203980099,0.014607328324001276,14.607328324001276
99.5,Hybrid AND (fleet-adjusted),0.1010332950631458,0.0012620035394122254,1.2620035394122255
