MAE_W,RMSE_W,MAPE_%,R2,model,subset,n,skill_vs_persistence,median_site_R2
72.83166707981322,206.67021043365557,1.615903376123341,0.9889316967742791,LSTM (this study),all test days,139271,-1.1965897683869375,0.5879535827291797
65.6476785003314,106.6725832121633,1.408809635351484,0.9968794425537026,LSTM (this study),regular test days,133581,0.35202306254321236,0.5879535827291797
57.778125554030304,105.54858308559837,1.2829119131455107,0.9971131109028084,"Linear ARX (ridge, same inputs)",all test days,139271,0.427074690308199,
57.09387262183523,96.11697261413126,1.228140296798831,0.9974664660732797,"Linear ARX (ridge, same inputs)",regular test days,133581,0.47391721414166776,
66.29298274586957,139.4451466939095,1.3680382630665373,0.9949611423193285,Persistence  P(t),all test days,139271,0.0,0.5874794525482752
66.64062129594278,132.51744007937455,1.3598538036189467,0.9951841535309187,Persistence  P(t),regular test days,133581,0.0,0.5874794525482752
83.86269096461815,181.52533202368,1.8109727046452782,0.9914611425236103,Seasonal naive  P(t-6),all test days,139271,-0.6946018358771888,
82.00994153360134,155.5685133898761,1.7318234003512831,0.9933630283777395,Seasonal naive  P(t-6),regular test days,133581,-0.378152660154621,
68.88385986758944,142.03878424371007,1.4680864597099295,0.994771956675361,7-day mean,all test days,139271,-0.03754534379750463,
67.72079077399444,125.0756471405439,1.4111288525008279,0.9957098539746408,7-day mean,regular test days,133581,0.10916054884580972,
